{
  "data": {},
  "hash": {
    "roomcount": {},
    "roomhistory": {
      "2fHOP2vtG": "{\"clientOptions\":{},\"roomName\":\"market\",\"processId\":\"JT3Lx3MAA\",\"state\":\"{\\\"currentPrice\\\":96.64357478987681,\\\"bets\\\":{},\\\"predictionCells\\\":{\\\"1wzb0d\\\":{\\\"id\\\":\\\"1wzb0d\\\",\\\"startTime\\\":1770780080,\\\"endTime\\\":1770780110,\\\"highPrice\\\":97.20768256079818,\\\"lowPrice\\\":96.72406224955043,\\\"probability\\\":0.5000066350315273,\\\"odds\\\":1.9},\\\"ce21sd\\\":{\\\"id\\\":\\\"ce21sd\\\",\\\"startTime\\\":1770780080,\\\"endTime\\\":1770780110,\\\"highPrice\\\":96.72406224955043,\\\"lowPrice\\\":96.24044193830268,\\\"probability\\\":0.4999933649684727,\\\"odds\\\":1.9},\\\"afw8l\\\":{\\\"id\\\":\\\"afw8l\\\",\\\"startTime\\\":1770780080,\\\"endTime\\\":1770780110,\\\"highPrice\\\":97.69130287204594,\\\"lowPrice\\\":96.72406224955043,\\\"probability\\\":0.5000066350315273,\\\"odds\\\":1.9},\\\"sfo8d4\\\":{\\\"id\\\":\\\"sfo8d4\\\",\\\"startTime\\\":1770780080,\\\"endTime\\\":1770780110,\\\"highPrice\\\":96.72406224955043,\\\"lowPrice\\\":95.75682162705492,\\\"probability\\\":0.4999933649684727,\\\"odds\\\":1.9},\\\"ntbg3f\\\":{\\\"id\\\":\\\"ntbg3f\\\",\\\"startTime\\\":1770780080,\\\"endTime\\\":1770780140,\\\"highPrice\\\":97.20768256079818,\\\"lowPrice\\\":96.72406224955043,\\\"probability\\\":0.5000093212607519,\\\"odds\\\":1.9},\\\"o3fijp\\\":{\\\"id\\\":\\\"o3fijp\\\",\\\"startTime\\\":1770780080,\\\"endTime\\\":1770780140,\\\"highPrice\\\":96.72406224955043,\\\"lowPrice\\\":96.24044193830268,\\\"probability\\\":0.499990678739248,\\\"odds\\\":1.9},\\\"rjbyej\\\":{\\\"id\\\":\\\"rjbyej\\\",\\\"startTime\\\":1770780080,\\\"endTime\\\":1770780140,\\\"highPrice\\\":97.69130287204594,\\\"lowPrice\\\":96.72406224955043,\\\"probability\\\":0.5000093212607519,\\\"odds\\\":1.9},\\\"vfa2xf\\\":{\\\"id\\\":\\\"vfa2xf\\\",\\\"startTime\\\":1770780080,\\\"endTime\\\":1770780140,\\\"highPrice\\\":96.72406224955043,\\\"lowPrice\\\":95.75682162705492,\\\"probability\\\":0.499990678739248,\\\"odds\\\":1.9},\\\"nhx01\\\":{\\\"id\\\":\\\"nhx01\\\",\\\"startTime\\\":1770780080,\\\"endTime\\\":1770780200,\\\"highPrice\\\":97.20768256079818,\\\"lowPrice\\\":96.72406224955043,\\\"probability\\\":0.5000131201619427,\\\"odds\\\":1.9},\\\"6v4dt\\\":{\\\"id\\\":\\\"6v4dt\\\",\\\"startTime\\\":1770780080,\\\"endTime\\\":1770780200,\\\"highPrice\\\":96.72406224955043,\\\"lowPrice\\\":96.24044193830268,\\\"probability\\\":0.49998687983805734,\\\"odds\\\":1.9},\\\"vo4z6i\\\":{\\\"id\\\":\\\"vo4z6i\\\",\\\"startTime\\\":1770780080,\\\"endTime\\\":1770780200,\\\"highPrice\\\":97.69130287204594,\\\"lowPrice\\\":96.72406224955043,\\\"probability\\\":0.5000131201619427,\\\"odds\\\":1.9},\\\"1r79s\\\":{\\\"id\\\":\\\"1r79s\\\",\\\"startTime\\\":1770780080,\\\"endTime\\\":1770780200,\\\"highPrice\\\":96.72406224955043,\\\"lowPrice\\\":95.75682162705492,\\\"probability\\\":0.49998687983805734,\\\"odds\\\":1.9},\\\"18vzd\\\":{\\\"id\\\":\\\"18vzd\\\",\\\"startTime\\\":1770780085,\\\"endTime\\\":1770780115,\\\"highPrice\\\":97.12679266382618,\\\"lowPrice\\\":96.64357478987681,\\\"probability\\\":0.5000066350315273,\\\"odds\\\":1.9},\\\"ropt509\\\":{\\\"id\\\":\\\"ropt509\\\",\\\"startTime\\\":1770780085,\\\"endTime\\\":1770780115,\\\"highPrice\\\":96.64357478987681,\\\"lowPrice\\\":96.16035691592742,\\\"probability\\\":0.4999933649684727,\\\"odds\\\":1.9},\\\"4puted\\\":{\\\"id\\\":\\\"4puted\\\",\\\"startTime\\\":1770780085,\\\"endTime\\\":1770780115,\\\"highPrice\\\":97.61001053777558,\\\"lowPrice\\\":96.64357478987681,\\\"probability\\\":0.5000066350315273,\\\"odds\\\":1.9},\\\"l42lpm\\\":{\\\"id\\\":\\\"l42lpm\\\",\\\"startTime\\\":1770780085,\\\"endTime\\\":1770780115,\\\"highPrice\\\":96.64357478987681,\\\"lowPrice\\\":95.67713904197804,\\\"probability\\\":0.4999933649684727,\\\"odds\\\":1.9},\\\"pfymjs\\\":{\\\"id\\\":\\\"pfymjs\\\",\\\"startTime\\\":1770780085,\\\"endTime\\\":1770780145,\\\"highPrice\\\":97.12679266382618,\\\"lowPrice\\\":96.64357478987681,\\\"probability\\\":0.5000093212607519,\\\"odds\\\":1.9},\\\"euqcr\\\":{\\\"id\\\":\\\"euqcr\\\",\\\"startTime\\\":1770780085,\\\"endTime\\\":1770780145,\\\"highPrice\\\":96.64357478987681,\\\"lowPrice\\\":96.16035691592742,\\\"probability\\\":0.499990678739248,\\\"odds\\\":1.9},\\\"q4hgoq\\\":{\\\"id\\\":\\\"q4hgoq\\\",\\\"startTime\\\":1770780085,\\\"endTime\\\":1770780145,\\\"highPrice\\\":97.61001053777558,\\\"lowPrice\\\":96.64357478987681,\\\"probability\\\":0.5000093212607519,\\\"odds\\\":1.9},\\\"8qdzwj\\\":{\\\"id\\\":\\\"8qdzwj\\\",\\\"startTime\\\":1770780085,\\\"endTime\\\":1770780145,\\\"highPrice\\\":96.64357478987681,\\\"lowPrice\\\":95.67713904197804,\\\"probability\\\":0.499990678739248,\\\"odds\\\":1.9},\\\"9agke\\\":{\\\"id\\\":\\\"9agke\\\",\\\"startTime\\\":1770780085,\\\"endTime\\\":1770780205,\\\"highPrice\\\":97.12679266382618,\\\"lowPrice\\\":96.64357478987681,\\\"probability\\\":0.5000131201619427,\\\"odds\\\":1.9},\\\"8td86p\\\":{\\\"id\\\":\\\"8td86p\\\",\\\"startTime\\\":1770780085,\\\"endTime\\\":1770780205,\\\"highPrice\\\":96.64357478987681,\\\"lowPrice\\\":96.16035691592742,\\\"probability\\\":0.49998687983805734,\\\"odds\\\":1.9},\\\"p16js\\\":{\\\"id\\\":\\\"p16js\\\",\\\"startTime\\\":1770780085,\\\"endTime\\\":1770780205,\\\"highPrice\\\":97.61001053777558,\\\"lowPrice\\\":96.64357478987681,\\\"probability\\\":0.5000131201619427,\\\"odds\\\":1.9},\\\"p6y56\\\":{\\\"id\\\":\\\"p6y56\\\",\\\"startTime\\\":1770780085,\\\"endTime\\\":1770780205,\\\"highPrice\\\":96.64357478987681,\\\"lowPrice\\\":95.67713904197804,\\\"probability\\\":0.49998687983805734,\\\"odds\\\":1.9}}}\",\"clients\":[{\"sessionId\":\"CcSuSWf95\",\"reconnectionToken\":\"YCWElc_J9\"}]}"
    }
  },
  "keys": {}
}